Название команды,ID команды,Фамилия игрока,ID игрока в mantrafootball,ставка
Bromley FC,2033,Andersen,1455,1
Bromley FC,2033,Cunha,1775,66
Bromley FC,2033,Dewsbury-Hall,1117,5
Bromley FC,2033,Fernandez,6267,39
Bromley FC,2033,Garnacho,5479,2
Bromley FC,2033,Gros,611,2
Bromley FC,2033,Havertz,1313,18
Bromley FC,2033,Hume,5375,1
Bromley FC,2033,Magalhaes,1018,42
Bromley FC,2033,McGinn,550,5
Bromley FC,2033,Mitchell,1312,1
Bromley FC,2033,Mitoma,4464,1
Bromley FC,2033,Mykolenko,2241,1
Bromley FC,2033,Ndiaye,5351,6
Bromley FC,2033,Palestra,11353,1
Bromley FC,2033,Petrovic,9184,1
Bromley FC,2033,Pickford,697,12
Bromley FC,2033,Richards,1612,2
Bromley FC,2033,Rulli,3076,2
Bromley FC,2033,Sadiki,6238,1
Bromley FC,2033,Schade,1750,11
Bromley FC,2033,Silva,6862,2
Bromley FC,2033,Truffert,3541,4
Bromley FC,2033,Van Dijk,748,28
Bromley FC,2033,Wieffer,5925,2
Bromley FC,2033,Xhaka,529,4
Cole Me Maybe,1950,Ampadu,1043,1
Cole Me Maybe,1950,Bamba,14646,1
Cole Me Maybe,1950,Bogle,1320,1
Cole Me Maybe,1950,Canvot,11613,1
Cole Me Maybe,1950,Diomande,7764,10
Cole Me Maybe,1950,Elanga,1358,1
Cole Me Maybe,1950,Fernandes,819,81
Cole Me Maybe,1950,Frimpong,2046,14
Cole Me Maybe,1950,Hornicek,8766,1
Cole Me Maybe,1950,Lacroix,2016,10
Cole Me Maybe,1950,Mateta,1864,1
Cole Me Maybe,1950,Milenkovic,233,5
Cole Me Maybe,1950,Mingueza,2692,1
Cole Me Maybe,1950,Muharemovic,13748,1
Cole Me Maybe,1950,O'Brien,8404,1
Cole Me Maybe,1950,Okafor,4058,1
Cole Me Maybe,1950,Rice,983,50
Cole Me Maybe,1950,Rodon,1490,1
Cole Me Maybe,1950,Rushworth,8399,1
Cole Me Maybe,1950,Sangare,5015,1
Cole Me Maybe,1950,Sangare,6050,1
Cole Me Maybe,1950,Savio,4512,1
Cole Me Maybe,1950,Strand Larsen,5997,1
Cole Me Maybe,1950,Verbruggen,4576,4
Cole Me Maybe,1950,Watkins,1335,1
Cole Me Maybe,1950,Wirtz,1590,68
Loch Ness FC,5009,Aina,491,4
Loch Ness FC,5009,Alderete,1758,2
Loch Ness FC,5009,Anderson,1477,44
Loch Ness FC,5009,Araujo,2691,3
Loch Ness FC,5009,Baleba,6814,2
Loch Ness FC,5009,Delap,1407,2
Loch Ness FC,5009,Dowman,13687,2
Loch Ness FC,5009,Ekitike,3527,4
Loch Ness FC,5009,Hincapie,3786,4
Loch Ness FC,5009,Kayode,9114,4
Loch Ness FC,5009,Kluivert,145,7
Loch Ness FC,5009,Lammens,3967,16
Loch Ness FC,5009,Le Fee,3281,5
Loch Ness FC,5009,Leno,519,1
Loch Ness FC,5009,Lewis-Skelly,11611,7
Loch Ness FC,5009,Maguire,816,3
Loch Ness FC,5009,Ouattara,4213,9
Loch Ness FC,5009,Palmer,1143,50
Loch Ness FC,5009,Pedro Junqueira,967,62
Loch Ness FC,5009,Philogene-Bidace,4452,1
Loch Ness FC,5009,Santos,7623,8
Loch Ness FC,5009,Senesi,5918,2
Loch Ness FC,5009,Trafford,8897,7
Loch Ness FC,5009,Van Ewijk,6009,2
Loch Ness FC,5009,Wharton,7149,3
Loch Ness FC,5009,Zubimendi,3019,5
Rams,2035,Boscagli,6043,1
Rams,2035,Dias,1432,7
Rams,2035,Eze,1051,3
Rams,2035,Gakpo,2210,17
Rams,2035,Gibbs-White,1002,32
Rams,2035,Gravenberch,2204,6
Rams,2035,Gvardiol,2263,20
Rams,2035,Henderson,887,2
Rams,2035,Hill,5466,1
Rams,2035,Jacquet,9739,5
Rams,2035,Livramento,3660,5
Rams,2035,Maatsen,1042,1
Rams,2035,Madjo,14655,4
Rams,2035,Manzambi,11612,6
Rams,2035,Marmoush,2643,5
Rams,2035,Neto,1010,1
Rams,2035,O'Reilly,11653,13
Rams,2035,Odegaard,2045,28
Rams,2035,Penders,8912,1
Rams,2035,Porro,4122,22
Rams,2035,Richarlison,710,4
Rams,2035,Rogers,7616,22
Rams,2035,Saliba,1019,8
Rams,2035,Sanchez,1030,10
Rams,2035,Tavernier,5250,8
Rams,2035,Tonali,87,26
SAMURAMEN,5010,Alisson,746,11
SAMURAMEN,5010,Ballard,5372,1
SAMURAMEN,5010,Barnes,734,3
SAMURAMEN,5010,Bobb,9208,1
SAMURAMEN,5010,Cash,1021,12
SAMURAMEN,5010,Collins,2470,3
SAMURAMEN,5010,Hackney,7274,1
SAMURAMEN,5010,Hall,7307,4
SAMURAMEN,5010,Isak,2361,63
SAMURAMEN,5010,Iwobi,719,1
SAMURAMEN,5010,James,666,9
SAMURAMEN,5010,Kovacic,669,1
SAMURAMEN,5010,Mamardashvili,3057,1
SAMURAMEN,5010,Mbeumo,2460,60
SAMURAMEN,5010,Mukiele,1878,2
SAMURAMEN,5010,Murillo,9209,2
SAMURAMEN,5010,Ndoye,3470,2
SAMURAMEN,5010,Rayan,13194,6
SAMURAMEN,5010,Sels,2131,4
SAMURAMEN,5010,Smith Rowe,1016,1
SAMURAMEN,5010,Tarkowski,632,3
SAMURAMEN,5010,Thiago,7849,46
SAMURAMEN,5010,Tielemans,743,15
SAMURAMEN,5010,Torres,2337,3
SAMURAMEN,5010,White,1029,1
SAMURAMEN,5010,Williams,1127,4
Slay KingDom,3235,Aaronson,4045,1
Slay KingDom,3235,Botman,3244,1
Slay KingDom,3235,Branthwaite,1059,10
Slay KingDom,3235,Dalot,800,10
Slay KingDom,3235,De Cuyper,4970,1
Slay KingDom,3235,Disasi,3373,1
Slay KingDom,3235,Doku,2138,30
Slay KingDom,3235,Evanilson,4031,1
Slay KingDom,3235,Fofana,1437,1
Slay KingDom,3235,Guimaraes,3301,24
Slay KingDom,3235,Haaland,1661,88
Slay KingDom,3235,Hato,7818,1
Slay KingDom,3235,Kadioglu,10503,1
Slay KingDom,3235,Kamara,3323,2
Slay KingDom,3235,Kelleher,747,5
Slay KingDom,3235,Mazraoui,3921,1
Slay KingDom,3235,Ngumoha,14567,1
Slay KingDom,3235,Pino,3094,1
Slay KingDom,3235,Riad,8963,1
Slay KingDom,3235,Scherpen,2465,1
Slay KingDom,3235,Semenyo,5114,50
Slay KingDom,3235,Torp,9512,1
Slay KingDom,3235,Tzolis,3762,24
Slay KingDom,3235,Valdimarsson,9569,1
Slay KingDom,3235,Woltemade,2009,1
Slay KingDom,3235,Yarmolyuk,8398,1
zadok branislava,2036,Caicedo,2058,25
zadok branislava,2036,Calvert-Lewin,709,3
zadok branislava,2036,Cherki,3308,10
zadok branislava,2036,Colwill,6815,13
zadok branislava,2036,Donnarumma,1,34
zadok branislava,2036,Dorgu,8376,1
zadok branislava,2036,Fernandes,6726,5
zadok branislava,2036,Gomez,10001,1
zadok branislava,2036,Gonzalez,3828,2
zadok branislava,2036,Guehi,2476,15
zadok branislava,2036,Gyokeres,1023,20
zadok branislava,2036,Kerkez,5876,6
zadok branislava,2036,Kinsky,12261,2
zadok branislava,2036,Madueke,6056,2
zadok branislava,2036,Nunes,4119,18
zadok branislava,2036,Roefs,6022,6
zadok branislava,2036,Sarr,966,1
zadok branislava,2036,Scott,5113,3
zadok branislava,2036,Shaw,801,4
zadok branislava,2036,Stach,2588,14
zadok branislava,2036,Szoboszlai,1884,50
zadok branislava,2036,Thiaw,1910,3
zadok branislava,2036,Van de Ven,3846,5
zadok branislava,2036,Van Hecke,2467,7
zadok branislava,2036,Wilson,598,5
zadok branislava,2036,Wissa,3283,1
Киберносорог Алибек,1925,Arrizabalaga,651,1
Киберносорог Алибек,1925,Ayari,7726,4
Киберносорог Алибек,1925,Buendia,859,2
Киберносорог Алибек,1925,Calafiori,1369,28
Киберносорог Алибек,1925,Foden,785,8
Киберносорог Алибек,1925,Garcia,9444,7
Киберносорог Алибек,1925,Garner,1149,2
Киберносорог Алибек,1925,Gomes,7727,3
Киберносорог Алибек,1925,Hinshelwood,9393,5
Киберносорог Алибек,1925,Jesus,12738,1
Киберносорог Алибек,1925,Khusanov,8973,1
Киберносорог Алибек,1925,Konsa,562,22
Киберносорог Алибек,1925,Mac Allister,626,4
Киберносорог Алибек,1925,Maddison,731,1
Киберносорог Алибек,1925,Mainoo,7809,2
Киберносорог Алибек,1925,Martinelli,536,2
Киберносорог Алибек,1925,Martinez,3920,4
Киберносорог Алибек,1925,Meslier,1377,1
Киберносорог Алибек,1925,Munoz,4692,9
Киберносорог Алибек,1925,Raya,2440,50
Киберносорог Алибек,1925,Robertson,751,2
Киберносорог Алибек,1925,Rutter,2065,2
Киберносорог Алибек,1925,Saka,542,66
Киберносорог Алибек,1925,Sesko,4061,1
Киберносорог Алибек,1925,Timber,2201,15
Киберносорог Алибек,1925,Vuskovic,10860,5
